{
  "dataset": "mainnet_real",
  "total_samples": 1047,
  "train_samples": 2075,
  "test_samples": 209,
  "test_accuracy": 0.9904305934906006,
  "majority_baseline": 0.49760765550239233,
  "improvement": 0.49282293798820825,
  "class_distribution": {
    "0": 519,
    "4": 123,
    "7": 139,
    "3": 221,
    "6": 40,
    "10": 4,
    "11": 1
  },
  "per_class_recall": {
    "CRYPTOTRANSFER": 0.9903846383094788,
    "CONTRACTCALL": 1.0,
    "CONSENSUSSUBMITMESSAGE": 0.9599999785423279,
    "TOKENBURN": 1.0,
    "ETHEREUMTRANSACTION": 1.0
  }
}